SampleID,Locus,allele1,allele2
Sample1,D3S1358,15,17
Sample1,vWA,16,18
Sample1,D16S539,13,9
Sample1,CSF1PO,10,13
Sample1,TPOX,11,any
Sample1,D8S1179,15,16
Sample1,D21S11,29,32.2
Sample1,D18S51,14,19
Sample1,D2S441,11,any
Sample1,D19S433,13.2,14
Sample1,TH01,6,8
Sample1,FGA,21,28
Sample1,D22S1045,17,any
Sample1,D5S818,10,any
Sample1,D13S317,11,8
Sample1,D7S820,13,8
Sample1,SE33,17,21
Sample1,D10S1248,13,14
Sample1,D1S1656,14,16
Sample1,D12S391,18,19
Sample1,D2S1338,19,23
Sample2,D3S1358,15,16
Sample2,vWA,14,16
Sample2,D16S539,10,9
Sample2,CSF1PO,10,13
Sample2,TPOX,9,any
Sample2,D8S1179,10,16
Sample2,D21S11,29,any
Sample2,D18S51,13,any
Sample2,D2S441,10,11
Sample2,D19S433,14,15
Sample2,TH01,9,any
Sample2,FGA,20,any
Sample2,D22S1045,16,18
Sample2,D5S818,10,11
Sample2,D13S317,8,9
Sample2,D7S820,11,12
Sample2,SE33,19,26.2
Sample2,D10S1248,13,any
Sample2,D1S1656,13,16
Sample2,D12S391,18,19
Sample2,D2S1338,19,25
Sample3,D3S1358,14,15
Sample3,vWA,14,16
Sample3,D16S539,10,12
Sample3,CSF1PO,10,9
Sample3,TPOX,8,any
Sample3,D8S1179,13,any
Sample3,D21S11,30,32
Sample3,D18S51,17,any
Sample3,D2S441,11,any
Sample3,D19S433,14,any
Sample3,TH01,10,9
Sample3,FGA,23,23.2
Sample3,D22S1045,11,17
Sample3,D5S818,12,any
Sample3,D13S317,8,9
Sample3,D7S820,10,12
Sample3,SE33,20,22.2
Sample3,D10S1248,13,14
Sample3,D1S1656,15,16
Sample3,D12S391,19,25
Sample3,D2S1338,19,23
Sample4,D3S1358,15,16
Sample4,vWA,14,17
Sample4,D16S539,12,any
Sample4,CSF1PO,10,11
Sample4,TPOX,11,8
Sample4,D8S1179,10,11
Sample4,D21S11,30,31.2
Sample4,D18S51,13,16
Sample4,D2S441,10,any
Sample4,D19S433,13,14
Sample4,TH01,8,any
Sample4,FGA,22,any
Sample4,D22S1045,17,18
Sample4,D5S818,12,9
Sample4,D13S317,11,12
Sample4,D7S820,10,11
Sample4,SE33,23,28.2
Sample4,D10S1248,14,15
Sample4,D1S1656,15,18.3
Sample4,D12S391,19,any
Sample4,D2S1338,19,any
Sample5,D3S1358,15,any
Sample5,vWA,14,17
Sample5,D16S539,11,12
Sample5,CSF1PO,11,any
Sample5,TPOX,11,any
Sample5,D8S1179,12,any
Sample5,D21S11,29,30.2
Sample5,D18S51,13,any
Sample5,D2S441,11,any
Sample5,D19S433,14,15
Sample5,TH01,9,any
Sample5,FGA,20,22
Sample5,D22S1045,11,16
Sample5,D5S818,11,12
Sample5,D13S317,11,8
Sample5,D7S820,10,11
Sample5,SE33,28.2,29.2
Sample5,D10S1248,14,any
Sample5,D1S1656,13,15
Sample5,D12S391,19,20
Sample5,D2S1338,17,18
Sample6,D3S1358,16,any
Sample6,vWA,14,15
Sample6,D16S539,10,9
Sample6,CSF1PO,10,12
Sample6,TPOX,11,8
Sample6,D8S1179,14,16
Sample6,D21S11,30,32.2
Sample6,D18S51,14,22
Sample6,D2S441,10,11
Sample6,D19S433,13,16
Sample6,TH01,6,7
Sample6,FGA,22,25
Sample6,D22S1045,15,any
Sample6,D5S818,12,9
Sample6,D13S317,11,9
Sample6,D7S820,11,any
Sample6,SE33,18,29.2
Sample6,D10S1248,14,any
Sample6,D1S1656,15,18.3
Sample6,D12S391,15,20
Sample6,D2S1338,17,19
Sample7,D3S1358,15,16
Sample7,vWA,17,any
Sample7,D16S539,10,9
Sample7,CSF1PO,12,13
Sample7,TPOX,8,any
Sample7,D8S1179,12,13
Sample7,D21S11,29,30
Sample7,D18S51,14,17
Sample7,D2S441,10,13
Sample7,D19S433,14,15.2
Sample7,TH01,9,any
Sample7,FGA,24,25
Sample7,D22S1045,11,any
Sample7,D5S818,12,13
Sample7,D13S317,12,9
Sample7,D7S820,10,11
Sample7,SE33,18,28.2
Sample7,D10S1248,14,15
Sample7,D1S1656,15,16
Sample7,D12S391,18,21
Sample7,D2S1338,17,23
Sample8,D3S1358,17,any
Sample8,vWA,15,17
Sample8,D16S539,12,9
Sample8,CSF1PO,11,12
Sample8,TPOX,11,any
Sample8,D8S1179,10,15
Sample8,D21S11,30,any
Sample8,D18S51,15,any
Sample8,D2S441,10,any
Sample8,D19S433,14,15.2
Sample8,TH01,6,9
Sample8,FGA,22,25
Sample8,D22S1045,11,16
Sample8,D5S818,12,13
Sample8,D13S317,8,9
Sample8,D7S820,11,any
Sample8,SE33,19,29.3
Sample8,D10S1248,14,16
Sample8,D1S1656,13,15
Sample8,D12S391,21,22
Sample8,D2S1338,18,23
Sample9,D3S1358,15,16
Sample9,vWA,15,19
Sample9,D16S539,12,9
Sample9,CSF1PO,11,12
Sample9,TPOX,11,8
Sample9,D8S1179,13,14
Sample9,D21S11,30,31
Sample9,D18S51,15,any
Sample9,D2S441,10,11
Sample9,D19S433,13,13.2
Sample9,TH01,7,8
Sample9,FGA,19,21
Sample9,D22S1045,15,16
Sample9,D5S818,12,9
Sample9,D13S317,13,8
Sample9,D7S820,10,11
Sample9,SE33,24.2,32.2
Sample9,D10S1248,14,any
Sample9,D1S1656,13,15
Sample9,D12S391,18,19
Sample9,D2S1338,18,27
Sample10,D3S1358,15,16
Sample10,vWA,14,17
Sample10,D16S539,11,9
Sample10,CSF1PO,12,any
Sample10,TPOX,9,any
Sample10,D8S1179,14,16
Sample10,D21S11,31,32.2
Sample10,D18S51,13,14
Sample10,D2S441,10,any
Sample10,D19S433,12,15.2
Sample10,TH01,7,any
Sample10,FGA,23,24
Sample10,D22S1045,15,16
Sample10,D5S818,11,13
Sample10,D13S317,8,9
Sample10,D7S820,10,12
Sample10,SE33,25.2,27.2
Sample10,D10S1248,13,15
Sample10,D1S1656,15,18
Sample10,D12S391,15,21
Sample10,D2S1338,18,any
